Algoritmo,Distribuicao,Tamanho,TempoMedio_Segundos
QuickSort,Aleatorio,10,0.000000
HeapSort,Aleatorio,10,0.000000
RadixSort,Aleatorio,10,0.000002
QuickSort,Crescente,10,0.000000
HeapSort,Crescente,10,0.000000
RadixSort,Crescente,10,0.000001
QuickSort,Decrescente,10,0.000000
HeapSort,Decrescente,10,0.000000
RadixSort,Decrescente,10,0.000001
QuickSort,Aleatorio,25,0.000000
HeapSort,Aleatorio,25,0.000001
RadixSort,Aleatorio,25,0.000004
QuickSort,Crescente,25,0.000001
HeapSort,Crescente,25,0.000001
RadixSort,Crescente,25,0.000001
QuickSort,Decrescente,25,0.000001
HeapSort,Decrescente,25,0.000001
RadixSort,Decrescente,25,0.000001
QuickSort,Aleatorio,50,0.000001
HeapSort,Aleatorio,50,0.000001
RadixSort,Aleatorio,50,0.000006
QuickSort,Crescente,50,0.000002
HeapSort,Crescente,50,0.000001
RadixSort,Crescente,50,0.000002
QuickSort,Decrescente,50,0.000002
HeapSort,Decrescente,50,0.000001
RadixSort,Decrescente,50,0.000002
QuickSort,Aleatorio,75,0.000001
HeapSort,Aleatorio,75,0.000002
RadixSort,Aleatorio,75,0.000008
QuickSort,Crescente,75,0.000003
HeapSort,Crescente,75,0.000002
RadixSort,Crescente,75,0.000003
QuickSort,Decrescente,75,0.000004
HeapSort,Decrescente,75,0.000002
RadixSort,Decrescente,75,0.000003
QuickSort,Aleatorio,100,0.000002
HeapSort,Aleatorio,100,0.000003
RadixSort,Aleatorio,100,0.000010
QuickSort,Crescente,100,0.000006
HeapSort,Crescente,100,0.000003
RadixSort,Crescente,100,0.000005
QuickSort,Decrescente,100,0.000007
HeapSort,Decrescente,100,0.000003
RadixSort,Decrescente,100,0.000005
QuickSort,Aleatorio,250,0.000006
HeapSort,Aleatorio,250,0.000010
RadixSort,Aleatorio,250,0.000020
QuickSort,Crescente,250,0.000032
HeapSort,Crescente,250,0.000010
RadixSort,Crescente,250,0.000011
QuickSort,Decrescente,250,0.000036
HeapSort,Decrescente,250,0.000009
RadixSort,Decrescente,250,0.000011
QuickSort,Aleatorio,500,0.000015
HeapSort,Aleatorio,500,0.000030
RadixSort,Aleatorio,500,0.000041
QuickSort,Crescente,500,0.000122
HeapSort,Crescente,500,0.000026
RadixSort,Crescente,500,0.000021
QuickSort,Decrescente,500,0.000140
HeapSort,Decrescente,500,0.000024
RadixSort,Decrescente,500,0.000021
QuickSort,Aleatorio,750,0.000029
HeapSort,Aleatorio,750,0.000054
RadixSort,Aleatorio,750,0.000056
QuickSort,Crescente,750,0.000257
HeapSort,Crescente,750,0.000045
RadixSort,Crescente,750,0.000031
QuickSort,Decrescente,750,0.000319
HeapSort,Decrescente,750,0.000047
RadixSort,Decrescente,750,0.000031
QuickSort,Aleatorio,1000,0.000041
HeapSort,Aleatorio,1000,0.000089
RadixSort,Aleatorio,1000,0.000074
QuickSort,Crescente,1000,0.000465
HeapSort,Crescente,1000,0.000064
RadixSort,Crescente,1000,0.000054
QuickSort,Decrescente,1000,0.000456
HeapSort,Decrescente,1000,0.000067
RadixSort,Decrescente,1000,0.000054
QuickSort,Aleatorio,2500,0.000145
HeapSort,Aleatorio,2500,0.000252
RadixSort,Aleatorio,2500,0.000189
QuickSort,Crescente,2500,0.003236
HeapSort,Crescente,2500,0.000177
RadixSort,Crescente,2500,0.000142
QuickSort,Decrescente,2500,0.003674
HeapSort,Decrescente,2500,0.000181
RadixSort,Decrescente,2500,0.000137
QuickSort,Aleatorio,5000,0.000328
HeapSort,Aleatorio,5000,0.000509
RadixSort,Aleatorio,5000,0.000362
QuickSort,Crescente,5000,0.011583
HeapSort,Crescente,5000,0.000643
RadixSort,Crescente,5000,0.000281
QuickSort,Decrescente,5000,0.012260
HeapSort,Decrescente,5000,0.000378
RadixSort,Decrescente,5000,0.000279
QuickSort,Aleatorio,7500,0.000521
HeapSort,Aleatorio,7500,0.000803
RadixSort,Aleatorio,7500,0.000549
QuickSort,Crescente,7500,0.030386
HeapSort,Crescente,7500,0.000558
RadixSort,Crescente,7500,0.000448
QuickSort,Decrescente,7500,0.029002
HeapSort,Decrescente,7500,0.000582
RadixSort,Decrescente,7500,0.000428
QuickSort,Aleatorio,10000,0.000728
HeapSort,Aleatorio,10000,0.001187
RadixSort,Aleatorio,10000,0.000731
QuickSort,Crescente,10000,0.047422
HeapSort,Crescente,10000,0.000748
RadixSort,Crescente,10000,0.000697
QuickSort,Decrescente,10000,0.051455
HeapSort,Decrescente,10000,0.000815
RadixSort,Decrescente,10000,0.000696
QuickSort,Aleatorio,25000,0.002063
HeapSort,Aleatorio,25000,0.003193
RadixSort,Aleatorio,25000,0.001848
QuickSort,Crescente,25000,-1.000000
HeapSort,Crescente,25000,0.002064
RadixSort,Crescente,25000,0.001822
QuickSort,Decrescente,25000,-1.000000
HeapSort,Decrescente,25000,0.002285
RadixSort,Decrescente,25000,0.001796
QuickSort,Aleatorio,50000,0.004103
HeapSort,Aleatorio,50000,0.006847
RadixSort,Aleatorio,50000,0.004389
QuickSort,Crescente,50000,-1.000000
HeapSort,Crescente,50000,0.004255
RadixSort,Crescente,50000,0.003828
QuickSort,Decrescente,50000,-1.000000
HeapSort,Decrescente,50000,0.004626
RadixSort,Decrescente,50000,0.004608
QuickSort,Aleatorio,75000,0.007545
HeapSort,Aleatorio,75000,0.010596
RadixSort,Aleatorio,75000,0.005453
QuickSort,Crescente,75000,-1.000000
HeapSort,Crescente,75000,0.006470
RadixSort,Crescente,75000,0.005591
QuickSort,Decrescente,75000,-1.000000
HeapSort,Decrescente,75000,0.006710
RadixSort,Decrescente,75000,0.005707
QuickSort,Aleatorio,100000,0.008594
HeapSort,Aleatorio,100000,0.014302
RadixSort,Aleatorio,100000,0.007466
QuickSort,Crescente,100000,-1.000000
HeapSort,Crescente,100000,0.009973
RadixSort,Crescente,100000,0.008843
QuickSort,Decrescente,100000,-1.000000
HeapSort,Decrescente,100000,0.009058
RadixSort,Decrescente,100000,0.009271
QuickSort,Aleatorio,250000,0.021803
HeapSort,Aleatorio,250000,0.042010
RadixSort,Aleatorio,250000,0.018170
QuickSort,Crescente,250000,-1.000000
HeapSort,Crescente,250000,0.025389
RadixSort,Crescente,250000,0.025344
QuickSort,Decrescente,250000,-1.000000
HeapSort,Decrescente,250000,0.026120
RadixSort,Decrescente,250000,0.024172
QuickSort,Aleatorio,500000,0.048024
HeapSort,Aleatorio,500000,0.091335
RadixSort,Aleatorio,500000,0.044684
QuickSort,Crescente,500000,-1.000000
HeapSort,Crescente,500000,0.048744
RadixSort,Crescente,500000,0.058861
QuickSort,Decrescente,500000,-1.000000
HeapSort,Decrescente,500000,0.051846
RadixSort,Decrescente,500000,0.056162
QuickSort,Aleatorio,750000,0.073589
HeapSort,Aleatorio,750000,0.145999
RadixSort,Aleatorio,750000,0.068906
QuickSort,Crescente,750000,-1.000000
HeapSort,Crescente,750000,0.075380
RadixSort,Crescente,750000,0.082171
QuickSort,Decrescente,750000,-1.000000
HeapSort,Decrescente,750000,0.080592
RadixSort,Decrescente,750000,0.101320
QuickSort,Aleatorio,1000000,0.099188
HeapSort,Aleatorio,1000000,0.235035
RadixSort,Aleatorio,1000000,0.088042
QuickSort,Crescente,1000000,-1.000000
HeapSort,Crescente,1000000,0.103734
RadixSort,Crescente,1000000,0.128803
QuickSort,Decrescente,1000000,-1.000000
HeapSort,Decrescente,1000000,0.111188
RadixSort,Decrescente,1000000,0.130014
